{"id":"https://game-installer.drmgms.com","name":"Game Installer","short_name":"Game Installer","description":"Dream Games - Game Installer","start_url":"/","scope":"/","display_override":["standalone","fullscreen","minimal-ui","window-controls-overlay"],"display":"standalone","orientation":"portrait","background_color":"#FFFFFF","theme_color":"#FFFFFF","icons":[{"src":"/icons/icon-dreamgames-blue-3d-192x192.png","sizes":"192x192","type":"image/png"},{"src":"/icons/icon-dreamgames-blue-3d-512x512.png","sizes":"512x512","type":"image/png"},{"src":"icons/icon-dreamgames-blue-3d-maskable.png","sizes":"1024x1024","type":"image/png","purpose":"maskable"}],"screenshots":[{"label":"Dream Games","src":"/images/dreamgames.webp","sizes":"1000x1000","type":"image/webp"},{"label":"Dream Games","src":"/images/dreamgames.webp","sizes":"1000x1000","form_factor":"wide","type":"image/webp"}],"dir":"ltr","lang":"en-US","splash_pages":null}